{
  "annotations": {
    "list": [
      {
        "builtIn": 1,
        "datasource": {
          "type": "grafana",
          "uid": "-- Grafana --"
        },
        "enable": true,
        "hide": true,
        "iconColor": "rgba(0, 211, 255, 1)",
        "name": "Annotations & Alerts",
        "type": "dashboard"
      }
    ]
  },
  "editable": true,
  "fiscalYearStartMonth": 0,
  "graphTooltip": 0,
  "id": 164,
  "links": [],
  "liveNow": false,
  "panels": [
    {
      "collapsed": false,
      "gridPos": {
        "h": 1,
        "w": 24,
        "x": 0,
        "y": 0
      },
      "id": 7,
      "panels": [],
      "title": "ETL Processor (Blocks & Logs)",
      "type": "row"
    },
    {
      "datasource": {
        "type": "prometheus",
        "uid": "6R74VAnVz"
      },
      "fieldConfig": {
        "defaults": {
          "color": {
            "mode": "thresholds"
          },
          "mappings": [],
          "thresholds": {
            "mode": "absolute",
            "steps": [
              {
                "color": "green",
                "value": null
              },
              {
                "color": "red",
                "value": 80
              }
            ]
          }
        },
        "overrides": []
      },
      "gridPos": {
        "h": 4,
        "w": 4,
        "x": 0,
        "y": 1
      },
      "id": 3,
      "options": {
        "colorMode": "value",
        "graphMode": "area",
        "justifyMode": "auto",
        "orientation": "auto",
        "reduceOptions": {
          "calcs": [
            "lastNotNull"
          ],
          "fields": "",
          "values": false
        },
        "textMode": "auto",
        "wideLayout": true
      },
      "pluginVersion": "10.3.0-63588",
      "targets": [
        {
          "datasource": {
            "type": "prometheus",
            "uid": "6R74VAnVz"
          },
          "editorMode": "code",
          "expr": "op_indexer_etl_l1_indexed_height",
          "instant": false,
          "legendFormat": "ETL",
          "range": true,
          "refId": "A"
        }
      ],
      "title": "Indexed L1 Height",
      "type": "stat"
    },
    {
      "datasource": {
        "type": "prometheus",
        "uid": "6R74VAnVz"
      },
      "fieldConfig": {
        "defaults": {
          "color": {
            "mode": "thresholds"
          },
          "fieldMinMax": false,
          "mappings": [],
          "min": 0,
          "noValue": "0",
          "thresholds": {
            "mode": "absolute",
            "steps": [
              {
                "color": "green",
                "value": null
              },
              {
                "color": "red",
                "value": 80
              }
            ]
          }
        },
        "overrides": []
      },
      "gridPos": {
        "h": 4,
        "w": 3,
        "x": 4,
        "y": 1
      },
      "id": 25,
      "options": {
        "colorMode": "value",
        "graphMode": "none",
        "justifyMode": "auto",
        "orientation": "auto",
        "reduceOptions": {
          "calcs": [
            "lastNotNull"
          ],
          "fields": "",
          "values": false
        },
        "textMode": "value",
        "wideLayout": true
      },
      "pluginVersion": "10.3.0-63588",
      "targets": [
        {
          "datasource": {
            "type": "prometheus",
            "uid": "6R74VAnVz"
          },
          "editorMode": "code",
          "expr": "op_indexer_etl_l1_latest_height",
          "instant": false,
          "legendFormat": "__auto",
          "range": true,
          "refId": "A"
        }
      ],
      "title": "Reported L1 Height",
      "type": "stat"
    },
    {
      "datasource": {
        "type": "prometheus",
        "uid": "6R74VAnVz"
      },
      "fieldConfig": {
        "defaults": {
          "color": {
            "mode": "thresholds"
          },
          "mappings": [],
          "noValue": "0",
          "thresholds": {
            "mode": "absolute",
            "steps": [
              {
                "color": "green",
                "value": null
              },
              {
                "color": "red",
                "value": 80
              }
            ]
          },
          "unit": "percentunit"
        },
        "overrides": []
      },
      "gridPos": {
        "h": 4,
        "w": 3,
        "x": 7,
        "y": 1
      },
      "id": 23,
      "options": {
        "minVizHeight": 75,
        "minVizWidth": 75,
        "orientation": "auto",
        "reduceOptions": {
          "calcs": [
            "lastNotNull"
          ],
          "fields": "",
          "values": false
        },
        "showThresholdLabels": false,
        "showThresholdMarkers": true,
        "sizing": "auto"
      },
      "pluginVersion": "10.3.0-63588",
      "targets": [
        {
          "datasource": {
            "type": "prometheus",
            "uid": "6R74VAnVz"
          },
          "editorMode": "code",
          "expr": "op_indexer_etl_l1_indexed_height\n / op_indexer_etl_l1_latest_height\n",
          "instant": false,
          "legendFormat": "__auto",
          "range": true,
          "refId": "A"
        }
      ],
      "title": "L1 Sync %",
      "type": "gauge"
    },
    {
      "datasource": {
        "type": "prometheus",
        "uid": "6R74VAnVz"
      },
      "fieldConfig": {
        "defaults": {
          "color": {
            "mode": "palette-classic"
          },
          "custom": {
            "axisBorderShow": false,
            "axisCenteredZero": false,
            "axisColorMode": "text",
            "axisLabel": "",
            "axisPlacement": "auto",
            "barAlignment": 0,
            "drawStyle": "line",
            "fillOpacity": 0,
            "gradientMode": "none",
            "hideFrom": {
              "legend": false,
              "tooltip": false,
              "viz": false
            },
            "insertNulls": false,
            "lineInterpolation": "linear",
            "lineWidth": 1,
            "pointSize": 2,
            "scaleDistribution": {
              "type": "linear"
            },
            "showPoints": "always",
            "spanNulls": false,
            "stacking": {
              "group": "A",
              "mode": "none"
            },
            "thresholdsStyle": {
              "mode": "off"
            }
          },
          "mappings": [],
          "noValue": "0",
          "thresholds": {
            "mode": "absolute",
            "steps": [
              {
                "color": "green",
                "value": null
              },
              {
                "color": "red",
                "value": 80
              }
            ]
          },
          "unit": "s"
        },
        "overrides": []
      },
      "gridPos": {
        "h": 8,
        "w": 14,
        "x": 10,
        "y": 1
      },
      "id": 20,
      "options": {
        "legend": {
          "calcs": [],
          "displayMode": "list",
          "placement": "bottom",
          "showLegend": false
        },
        "tooltip": {
          "mode": "single",
          "sort": "none"
        }
      },
      "targets": [
        {
          "datasource": {
            "type": "prometheus",
            "uid": "6R74VAnVz"
          },
          "editorMode": "code",
          "expr": "rate(op_indexer_etl_l1_interval_seconds_sum[$etl_rate_interval])\n/\nrate(op_indexer_etl_l1_interval_seconds_count[$etl_rate_interval])",
          "instant": false,
          "legendFormat": "l1",
          "range": true,
          "refId": "A"
        },
        {
          "datasource": {
            "type": "prometheus",
            "uid": "6R74VAnVz"
          },
          "editorMode": "code",
          "expr": "rate(op_indexer_etl_l2_interval_seconds_sum[$etl_rate_interval])\n/\nrate(op_indexer_etl_l2_interval_seconds_count[$etl_rate_interval])",
          "hide": false,
          "instant": false,
          "legendFormat": "l2",
          "range": true,
          "refId": "B"
        }
      ],
      "title": "AVG ETL Latency",
      "type": "timeseries"
    },
    {
      "datasource": {
        "type": "prometheus",
        "uid": "6R74VAnVz"
      },
      "fieldConfig": {
        "defaults": {
          "color": {
            "mode": "thresholds"
          },
          "mappings": [],
          "thresholds": {
            "mode": "absolute",
            "steps": [
              {
                "color": "green",
                "value": null
              },
              {
                "color": "red",
                "value": 80
              }
            ]
          }
        },
        "overrides": []
      },
      "gridPos": {
        "h": 4,
        "w": 4,
        "x": 0,
        "y": 5
      },
      "id": 2,
      "options": {
        "colorMode": "value",
        "graphMode": "area",
        "justifyMode": "auto",
        "orientation": "auto",
        "reduceOptions": {
          "calcs": [
            "lastNotNull"
          ],
          "fields": "",
          "values": false
        },
        "textMode": "auto",
        "wideLayout": true
      },
      "pluginVersion": "10.3.0-63588",
      "targets": [
        {
          "datasource": {
            "type": "prometheus",
            "uid": "6R74VAnVz"
          },
          "disableTextWrap": false,
          "editorMode": "code",
          "exemplar": true,
          "expr": "op_indexer_etl_l2_indexed_height",
          "fullMetaSearch": false,
          "includeNullMetadata": true,
          "instant": false,
          "legendFormat": "__auto",
          "range": true,
          "refId": "A",
          "useBackend": false
        }
      ],
      "title": "Indexed L2 Height",
      "type": "stat"
    },
    {
      "datasource": {
        "type": "prometheus",
        "uid": "6R74VAnVz"
      },
      "fieldConfig": {
        "defaults": {
          "color": {
            "mode": "thresholds"
          },
          "mappings": [],
          "min": 0,
          "noValue": "0",
          "thresholds": {
            "mode": "absolute",
            "steps": [
              {
                "color": "green",
                "value": null
              },
              {
                "color": "red",
                "value": 80
              }
            ]
          }
        },
        "overrides": []
      },
      "gridPos": {
        "h": 4,
        "w": 3,
        "x": 4,
        "y": 5
      },
      "id": 26,
      "options": {
        "colorMode": "value",
        "graphMode": "none",
        "justifyMode": "auto",
        "orientation": "auto",
        "reduceOptions": {
          "calcs": [
            "lastNotNull"
          ],
          "fields": "",
          "values": false
        },
        "textMode": "auto",
        "wideLayout": true
      },
      "pluginVersion": "10.3.0-63588",
      "targets": [
        {
          "datasource": {
            "type": "prometheus",
            "uid": "6R74VAnVz"
          },
          "editorMode": "code",
          "expr": "op_indexer_etl_l2_latest_height",
          "instant": false,
          "legendFormat": "__auto",
          "range": true,
          "refId": "A"
        }
      ],
      "title": "Reported L2 Height",
      "type": "stat"
    },
    {
      "datasource": {
        "type": "prometheus",
        "uid": "6R74VAnVz"
      },
      "fieldConfig": {
        "defaults": {
          "color": {
            "mode": "thresholds"
          },
          "mappings": [],
          "thresholds": {
            "mode": "absolute",
            "steps": [
              {
                "color": "green",
                "value": null
              },
              {
                "color": "red",
                "value": 80
              }
            ]
          },
          "unit": "percentunit"
        },
        "overrides": []
      },
      "gridPos": {
        "h": 4,
        "w": 3,
        "x": 7,
        "y": 5
      },
      "id": 24,
      "options": {
        "minVizHeight": 75,
        "minVizWidth": 75,
        "orientation": "auto",
        "reduceOptions": {
          "calcs": [
            "lastNotNull"
          ],
          "fields": "",
          "values": false
        },
        "showThresholdLabels": false,
        "showThresholdMarkers": true,
        "sizing": "auto"
      },
      "pluginVersion": "10.3.0-63588",
      "targets": [
        {
          "datasource": {
            "type": "prometheus",
            "uid": "6R74VAnVz"
          },
          "editorMode": "code",
          "expr": "op_indexer_etl_l2_indexed_height\n / op_indexer_etl_l2_latest_height",
          "instant": false,
          "legendFormat": "__auto",
          "range": true,
          "refId": "A"
        }
      ],
      "title": "L2 Sync %",
      "type": "gauge"
    },
    {
      "datasource": {
        "type": "prometheus",
        "uid": "6R74VAnVz"
      },
      "fieldConfig": {
        "defaults": {
          "color": {
            "mode": "palette-classic"
          },
          "custom": {
            "axisBorderShow": false,
            "axisCenteredZero": false,
            "axisColorMode": "text",
            "axisLabel": "",
            "axisPlacement": "auto",
            "barAlignment": 0,
            "drawStyle": "line",
            "fillOpacity": 0,
            "gradientMode": "none",
            "hideFrom": {
              "legend": false,
              "tooltip": false,
              "viz": false
            },
            "insertNulls": false,
            "lineInterpolation": "linear",
            "lineWidth": 1,
            "pointSize": 2,
            "scaleDistribution": {
              "type": "linear"
            },
            "showPoints": "always",
            "spanNulls": false,
            "stacking": {
              "group": "A",
              "mode": "none"
            },
            "thresholdsStyle": {
              "mode": "off"
            }
          },
          "mappings": [],
          "noValue": "0",
          "thresholds": {
            "mode": "absolute",
            "steps": [
              {
                "color": "green",
                "value": null
              },
              {
                "color": "red",
                "value": 80
              }
            ]
          }
        },
        "overrides": []
      },
      "gridPos": {
        "h": 7,
        "w": 12,
        "x": 0,
        "y": 9
      },
      "id": 17,
      "options": {
        "legend": {
          "calcs": [],
          "displayMode": "list",
          "placement": "bottom",
          "showLegend": true
        },
        "tooltip": {
          "mode": "single",
          "sort": "none"
        }
      },
      "targets": [
        {
          "datasource": {
            "type": "prometheus",
            "uid": "6R74VAnVz"
          },
          "editorMode": "code",
          "expr": "sum by(contract) (rate(op_indexer_etl_l1_indexed_logs_total[$etl_rate_interval])) * 60",
          "instant": false,
          "legendFormat": "{{contract}}",
          "range": true,
          "refId": "A"
        }
      ],
      "title": "Indexed L1 Logs / m",
      "type": "timeseries"
    },
    {
      "datasource": {
        "type": "prometheus",
        "uid": "6R74VAnVz"
      },
      "fieldConfig": {
        "defaults": {
          "color": {
            "mode": "palette-classic"
          },
          "custom": {
            "axisBorderShow": false,
            "axisCenteredZero": false,
            "axisColorMode": "text",
            "axisLabel": "",
            "axisPlacement": "auto",
            "barAlignment": 0,
            "drawStyle": "line",
            "fillOpacity": 0,
            "gradientMode": "none",
            "hideFrom": {
              "legend": false,
              "tooltip": false,
              "viz": false
            },
            "insertNulls": false,
            "lineInterpolation": "linear",
            "lineWidth": 1,
            "pointSize": 2,
            "scaleDistribution": {
              "type": "linear"
            },
            "showPoints": "always",
            "spanNulls": false,
            "stacking": {
              "group": "A",
              "mode": "none"
            },
            "thresholdsStyle": {
              "mode": "off"
            }
          },
          "mappings": [],
          "noValue": "0",
          "thresholds": {
            "mode": "absolute",
            "steps": [
              {
                "color": "green",
                "value": null
              },
              {
                "color": "red",
                "value": 80
              }
            ]
          }
        },
        "overrides": []
      },
      "gridPos": {
        "h": 7,
        "w": 12,
        "x": 12,
        "y": 9
      },
      "id": 18,
      "options": {
        "legend": {
          "calcs": [],
          "displayMode": "list",
          "placement": "bottom",
          "showLegend": true
        },
        "tooltip": {
          "mode": "single",
          "sort": "none"
        }
      },
      "targets": [
        {
          "datasource": {
            "type": "prometheus",
            "uid": "6R74VAnVz"
          },
          "editorMode": "code",
          "expr": "sum by(contract) (rate(op_indexer_etl_l2_indexed_logs_total[$etl_rate_interval])) * 60",
          "instant": false,
          "legendFormat": "__auto",
          "range": true,
          "refId": "A"
        }
      ],
      "title": "Indexed L2 Logs / m",
      "type": "timeseries"
    },
    {
      "collapsed": false,
      "gridPos": {
        "h": 1,
        "w": 24,
        "x": 0,
        "y": 16
      },
      "id": 8,
      "panels": [],
      "title": "Bridge Processor",
      "type": "row"
    },
    {
      "datasource": {
        "type": "prometheus",
        "uid": "6R74VAnVz"
      },
      "fieldConfig": {
        "defaults": {
          "color": {
            "mode": "thresholds"
          },
          "mappings": [],
          "noValue": "0",
          "thresholds": {
            "mode": "absolute",
            "steps": [
              {
                "color": "green",
                "value": null
              },
              {
                "color": "red",
                "value": 80
              }
            ]
          }
        },
        "overrides": []
      },
      "gridPos": {
        "h": 4,
        "w": 3,
        "x": 0,
        "y": 17
      },
      "id": 5,
      "options": {
        "colorMode": "value",
        "graphMode": "area",
        "justifyMode": "auto",
        "orientation": "auto",
        "reduceOptions": {
          "calcs": [
            "lastNotNull"
          ],
          "fields": "",
          "values": false
        },
        "textMode": "auto",
        "wideLayout": true
      },
      "pluginVersion": "10.3.0-63588",
      "targets": [
        {
          "datasource": {
            "type": "prometheus",
            "uid": "6R74VAnVz"
          },
          "editorMode": "code",
          "expr": "op_indexer_bridge_height{chain=\"l1\", kind=\"initiated\"}",
          "instant": false,
          "legendFormat": "initiated",
          "range": true,
          "refId": "A"
        }
      ],
      "title": "Initiated Bridge L1 Height",
      "type": "stat"
    },
    {
      "datasource": {
        "type": "prometheus",
        "uid": "6R74VAnVz"
      },
      "fieldConfig": {
        "defaults": {
          "color": {
            "mode": "thresholds"
          },
          "mappings": [],
          "thresholds": {
            "mode": "absolute",
            "steps": [
              {
                "color": "green",
                "value": null
              },
              {
                "color": "red",
                "value": 80
              }
            ]
          },
          "unit": "percentunit"
        },
        "overrides": []
      },
      "gridPos": {
        "h": 4,
        "w": 3,
        "x": 3,
        "y": 17
      },
      "id": 29,
      "options": {
        "minVizHeight": 75,
        "minVizWidth": 75,
        "orientation": "auto",
        "reduceOptions": {
          "calcs": [
            "lastNotNull"
          ],
          "fields": "",
          "values": false
        },
        "showThresholdLabels": false,
        "showThresholdMarkers": true,
        "sizing": "auto"
      },
      "pluginVersion": "10.3.0-63588",
      "targets": [
        {
          "datasource": {
            "type": "prometheus",
            "uid": "6R74VAnVz"
          },
          "editorMode": "code",
          "expr": "op_indexer_bridge_height{chain=\"l1\", kind=\"initiated\"} / on() op_indexer_etl_l1_indexed_height",
          "instant": false,
          "legendFormat": "__auto",
          "range": true,
          "refId": "A"
        }
      ],
      "title": "Initiated L1 Sync %",
      "type": "gauge"
    },
    {
      "datasource": {
        "type": "prometheus",
        "uid": "6R74VAnVz"
      },
      "fieldConfig": {
        "defaults": {
          "color": {
            "mode": "thresholds"
          },
          "mappings": [],
          "thresholds": {
            "mode": "absolute",
            "steps": [
              {
                "color": "green",
                "value": null
              },
              {
                "color": "red",
                "value": 80
              }
            ]
          }
        },
        "overrides": []
      },
      "gridPos": {
        "h": 4,
        "w": 3,
        "x": 6,
        "y": 17
      },
      "id": 27,
      "options": {
        "colorMode": "value",
        "graphMode": "area",
        "justifyMode": "auto",
        "orientation": "auto",
        "reduceOptions": {
          "calcs": [
            "lastNotNull"
          ],
          "fields": "",
          "values": false
        },
        "textMode": "auto",
        "wideLayout": true
      },
      "pluginVersion": "10.3.0-63588",
      "targets": [
        {
          "datasource": {
            "type": "prometheus",
            "uid": "6R74VAnVz"
          },
          "editorMode": "code",
          "expr": "op_indexer_bridge_height{chain=\"l1\", kind=\"finalized\"}",
          "instant": false,
          "legendFormat": "__auto",
          "range": true,
          "refId": "A"
        }
      ],
      "title": "Finalized L1 Bridge Height",
      "type": "stat"
    },
    {
      "datasource": {
        "type": "prometheus",
        "uid": "6R74VAnVz"
      },
      "fieldConfig": {
        "defaults": {
          "color": {
            "mode": "thresholds"
          },
          "mappings": [],
          "thresholds": {
            "mode": "absolute",
            "steps": [
              {
                "color": "green",
                "value": null
              },
              {
                "color": "red",
                "value": 80
              }
            ]
          },
          "unit": "percentunit"
        },
        "overrides": []
      },
      "gridPos": {
        "h": 4,
        "w": 3,
        "x": 9,
        "y": 17
      },
      "id": 32,
      "options": {
        "minVizHeight": 75,
        "minVizWidth": 75,
        "orientation": "auto",
        "reduceOptions": {
          "calcs": [
            "lastNotNull"
          ],
          "fields": "",
          "values": false
        },
        "showThresholdLabels": false,
        "showThresholdMarkers": true,
        "sizing": "auto"
      },
      "pluginVersion": "10.3.0-63588",
      "targets": [
        {
          "datasource": {
            "type": "prometheus",
            "uid": "6R74VAnVz"
          },
          "editorMode": "code",
          "expr": "op_indexer_bridge_height{chain=\"l1\", kind=\"finalized\"} / on() op_indexer_etl_l1_indexed_height",
          "instant": false,
          "legendFormat": "__auto",
          "range": true,
          "refId": "A"
        }
      ],
      "title": "Finalized L1 Sync %",
      "type": "gauge"
    },
    {
      "datasource": {
        "type": "prometheus",
        "uid": "6R74VAnVz"
      },
      "fieldConfig": {
        "defaults": {
          "color": {
            "mode": "palette-classic"
          },
          "custom": {
            "axisBorderShow": false,
            "axisCenteredZero": false,
            "axisColorMode": "text",
            "axisLabel": "",
            "axisPlacement": "auto",
            "barAlignment": 0,
            "drawStyle": "line",
            "fillOpacity": 0,
            "gradientMode": "none",
            "hideFrom": {
              "legend": false,
              "tooltip": false,
              "viz": false
            },
            "insertNulls": false,
            "lineInterpolation": "linear",
            "lineStyle": {
              "fill": "solid"
            },
            "lineWidth": 1,
            "pointSize": 3,
            "scaleDistribution": {
              "type": "linear"
            },
            "showPoints": "always",
            "spanNulls": true,
            "stacking": {
              "group": "A",
              "mode": "none"
            },
            "thresholdsStyle": {
              "mode": "off"
            }
          },
          "mappings": [],
          "noValue": "0",
          "thresholds": {
            "mode": "absolute",
            "steps": [
              {
                "color": "green",
                "value": null
              },
              {
                "color": "red",
                "value": 80
              }
            ]
          },
          "unit": "s"
        },
        "overrides": []
      },
      "gridPos": {
        "h": 8,
        "w": 12,
        "x": 12,
        "y": 17
      },
      "id": 22,
      "options": {
        "legend": {
          "calcs": [],
          "displayMode": "list",
          "placement": "bottom",
          "showLegend": true
        },
        "tooltip": {
          "mode": "single",
          "sort": "none"
        }
      },
      "targets": [
        {
          "datasource": {
            "type": "prometheus",
            "uid": "6R74VAnVz"
          },
          "editorMode": "code",
          "expr": "max by(chain) \n(rate(op_indexer_bridge_interval_seconds_sum[$etl_rate_interval])\n/\nrate(op_indexer_bridge_interval_seconds_count[$etl_rate_interval]))",
          "instant": false,
          "legendFormat": "{{chain}}",
          "range": true,
          "refId": "A"
        }
      ],
      "title": "AVG Bridge Processing Latency",
      "type": "timeseries"
    },
    {
      "datasource": {
        "type": "prometheus",
        "uid": "6R74VAnVz"
      },
      "fieldConfig": {
        "defaults": {
          "color": {
            "mode": "thresholds"
          },
          "mappings": [],
          "thresholds": {
            "mode": "absolute",
            "steps": [
              {
                "color": "green",
                "value": null
              },
              {
                "color": "red",
                "value": 80
              }
            ]
          }
        },
        "overrides": []
      },
      "gridPos": {
        "h": 4,
        "w": 3,
        "x": 0,
        "y": 21
      },
      "id": 6,
      "options": {
        "colorMode": "value",
        "graphMode": "area",
        "justifyMode": "auto",
        "orientation": "auto",
        "reduceOptions": {
          "calcs": [
            "lastNotNull"
          ],
          "fields": "",
          "values": false
        },
        "textMode": "auto",
        "wideLayout": true
      },
      "pluginVersion": "10.3.0-63588",
      "targets": [
        {
          "datasource": {
            "type": "prometheus",
            "uid": "6R74VAnVz"
          },
          "editorMode": "code",
          "expr": "op_indexer_bridge_height{chain=\"l2\", kind=\"initiated\"}",
          "instant": false,
          "legendFormat": "initiated",
          "range": true,
          "refId": "A"
        }
      ],
      "title": "Initiated Bridge L2 Height",
      "type": "stat"
    },
    {
      "datasource": {
        "type": "prometheus",
        "uid": "6R74VAnVz"
      },
      "fieldConfig": {
        "defaults": {
          "color": {
            "mode": "thresholds"
          },
          "mappings": [],
          "thresholds": {
            "mode": "absolute",
            "steps": [
              {
                "color": "green",
                "value": null
              },
              {
                "color": "red",
                "value": 80
              }
            ]
          },
          "unit": "percentunit"
        },
        "overrides": []
      },
      "gridPos": {
        "h": 4,
        "w": 3,
        "x": 3,
        "y": 21
      },
      "id": 30,
      "options": {
        "minVizHeight": 75,
        "minVizWidth": 75,
        "orientation": "auto",
        "reduceOptions": {
          "calcs": [
            "lastNotNull"
          ],
          "fields": "",
          "values": false
        },
        "showThresholdLabels": false,
        "showThresholdMarkers": true,
        "sizing": "auto"
      },
      "pluginVersion": "10.3.0-63588",
      "targets": [
        {
          "datasource": {
            "type": "prometheus",
            "uid": "6R74VAnVz"
          },
          "editorMode": "code",
          "expr": "op_indexer_bridge_height{chain=\"l2\", kind=\"initiated\"} / on() op_indexer_etl_l2_indexed_height",
          "instant": false,
          "legendFormat": "__auto",
          "range": true,
          "refId": "A"
        }
      ],
      "title": "Initiated L2 Sync %",
      "type": "gauge"
    },
    {
      "datasource": {
        "type": "prometheus",
        "uid": "6R74VAnVz"
      },
      "fieldConfig": {
        "defaults": {
          "color": {
            "mode": "thresholds"
          },
          "mappings": [],
          "thresholds": {
            "mode": "absolute",
            "steps": [
              {
                "color": "green",
                "value": null
              },
              {
                "color": "red",
                "value": 80
              }
            ]
          }
        },
        "overrides": []
      },
      "gridPos": {
        "h": 4,
        "w": 3,
        "x": 6,
        "y": 21
      },
      "id": 28,
      "options": {
        "colorMode": "value",
        "graphMode": "area",
        "justifyMode": "auto",
        "orientation": "auto",
        "reduceOptions": {
          "calcs": [
            "lastNotNull"
          ],
          "fields": "",
          "values": false
        },
        "textMode": "auto",
        "wideLayout": true
      },
      "pluginVersion": "10.3.0-63588",
      "targets": [
        {
          "datasource": {
            "type": "prometheus",
            "uid": "6R74VAnVz"
          },
          "editorMode": "code",
          "expr": "op_indexer_bridge_height{chain=\"l2\", kind=\"finalized\"}",
          "instant": false,
          "legendFormat": "__auto",
          "range": true,
          "refId": "A"
        }
      ],
      "title": "Finalized Bridge L2 Height",
      "type": "stat"
    },
    {
      "datasource": {
        "type": "prometheus",
        "uid": "6R74VAnVz"
      },
      "fieldConfig": {
        "defaults": {
          "color": {
            "mode": "thresholds"
          },
          "mappings": [],
          "thresholds": {
            "mode": "absolute",
            "steps": [
              {
                "color": "green",
                "value": null
              },
              {
                "color": "red",
                "value": 80
              }
            ]
          },
          "unit": "percentunit"
        },
        "overrides": []
      },
      "gridPos": {
        "h": 4,
        "w": 3,
        "x": 9,
        "y": 21
      },
      "id": 31,
      "options": {
        "minVizHeight": 75,
        "minVizWidth": 75,
        "orientation": "auto",
        "reduceOptions": {
          "calcs": [
            "lastNotNull"
          ],
          "fields": "",
          "values": false
        },
        "showThresholdLabels": false,
        "showThresholdMarkers": true,
        "sizing": "auto"
      },
      "pluginVersion": "10.3.0-63588",
      "targets": [
        {
          "datasource": {
            "type": "prometheus",
            "uid": "6R74VAnVz"
          },
          "editorMode": "code",
          "expr": "op_indexer_bridge_height{chain=\"l2\", kind=\"finalized\"} / on() op_indexer_etl_l2_indexed_height",
          "instant": false,
          "legendFormat": "__auto",
          "range": true,
          "refId": "A"
        }
      ],
      "title": "Finalized L2 Sync %",
      "type": "gauge"
    },
    {
      "datasource": {
        "type": "prometheus",
        "uid": "6R74VAnVz"
      },
      "fieldConfig": {
        "defaults": {
          "color": {
            "mode": "palette-classic"
          },
          "custom": {
            "axisBorderShow": false,
            "axisCenteredZero": false,
            "axisColorMode": "text",
            "axisLabel": "",
            "axisPlacement": "auto",
            "barAlignment": 0,
            "drawStyle": "line",
            "fillOpacity": 0,
            "gradientMode": "none",
            "hideFrom": {
              "legend": false,
              "tooltip": false,
              "viz": false
            },
            "insertNulls": false,
            "lineInterpolation": "linear",
            "lineWidth": 1,
            "pointSize": 2,
            "scaleDistribution": {
              "type": "linear"
            },
            "showPoints": "always",
            "spanNulls": false,
            "stacking": {
              "group": "A",
              "mode": "none"
            },
            "thresholdsStyle": {
              "mode": "off"
            }
          },
          "mappings": [],
          "noValue": "0",
          "thresholds": {
            "mode": "absolute",
            "steps": [
              {
                "color": "green",
                "value": null
              },
              {
                "color": "red",
                "value": 80
              }
            ]
          }
        },
        "overrides": []
      },
      "gridPos": {
        "h": 7,
        "w": 12,
        "x": 0,
        "y": 25
      },
      "id": 9,
      "options": {
        "legend": {
          "calcs": [],
          "displayMode": "list",
          "placement": "bottom",
          "showLegend": true
        },
        "tooltip": {
          "mode": "single",
          "sort": "none"
        }
      },
      "targets": [
        {
          "datasource": {
            "type": "prometheus",
            "uid": "6R74VAnVz"
          },
          "editorMode": "code",
          "exemplar": true,
          "expr": "rate(op_indexer_bridge_tx_deposits[$etl_rate_interval]) * 60",
          "instant": false,
          "legendFormat": "L1 Transaction Deposits",
          "range": true,
          "refId": "A"
        },
        {
          "datasource": {
            "type": "prometheus",
            "uid": "6R74VAnVz"
          },
          "editorMode": "code",
          "exemplar": true,
          "expr": "rate(op_indexer_bridge_sent_messages{chain=\"l1\"}[$etl_rate_interval]) * 60",
          "hide": false,
          "instant": false,
          "legendFormat": "L1 Sent Messages",
          "range": true,
          "refId": "B"
        },
        {
          "datasource": {
            "type": "prometheus",
            "uid": "6R74VAnVz"
          },
          "editorMode": "code",
          "expr": "rate(op_indexer_bridge_relayed_messages{chain=\"l1\"}[$etl_rate_interval]) * 60",
          "hide": false,
          "instant": false,
          "legendFormat": "L1 Relayed Messages",
          "range": true,
          "refId": "C"
        },
        {
          "datasource": {
            "type": "prometheus",
            "uid": "6R74VAnVz"
          },
          "editorMode": "code",
          "expr": "rate(op_indexer_bridge_initiated_token_transfers{chain=\"l1\"}[$etl_rate_interval]) * 60",
          "hide": false,
          "instant": false,
          "legendFormat": "L1 Initiated Bridge Transfers",
          "range": true,
          "refId": "D"
        },
        {
          "datasource": {
            "type": "prometheus",
            "uid": "6R74VAnVz"
          },
          "editorMode": "code",
          "expr": "rate(op_indexer_bridge_finalized_token_transfers{chain=\"l1\"}[$etl_rate_interval]) * 60",
          "hide": false,
          "instant": false,
          "legendFormat": "L1 Finalized Bridge Transfers",
          "range": true,
          "refId": "E"
        },
        {
          "datasource": {
            "type": "prometheus",
            "uid": "6R74VAnVz"
          },
          "editorMode": "code",
          "expr": "rate(op_indexer_bridge_skipped_ovm1_withdrawals{chain=\"l1\"}[$etl_rate_interval]) * 60 ",
          "hide": false,
          "instant": false,
          "legendFormat": "Skipped OVM1 Withdrawals",
          "range": true,
          "refId": "F"
        }
      ],
      "title": "L1 Bridge Transactions / m",
      "type": "timeseries"
    },
    {
      "datasource": {
        "type": "prometheus",
        "uid": "6R74VAnVz"
      },
      "fieldConfig": {
        "defaults": {
          "color": {
            "mode": "palette-classic"
          },
          "custom": {
            "axisBorderShow": false,
            "axisCenteredZero": false,
            "axisColorMode": "text",
            "axisLabel": "",
            "axisPlacement": "auto",
            "barAlignment": 0,
            "drawStyle": "line",
            "fillOpacity": 0,
            "gradientMode": "none",
            "hideFrom": {
              "legend": false,
              "tooltip": false,
              "viz": false
            },
            "insertNulls": false,
            "lineInterpolation": "linear",
            "lineWidth": 1,
            "pointSize": 2,
            "scaleDistribution": {
              "type": "linear"
            },
            "showPoints": "always",
            "spanNulls": false,
            "stacking": {
              "group": "A",
              "mode": "none"
            },
            "thresholdsStyle": {
              "mode": "off"
            }
          },
          "mappings": [],
          "noValue": "0",
          "thresholds": {
            "mode": "absolute",
            "steps": [
              {
                "color": "green",
                "value": null
              },
              {
                "color": "red",
                "value": 80
              }
            ]
          }
        },
        "overrides": []
      },
      "gridPos": {
        "h": 7,
        "w": 12,
        "x": 12,
        "y": 25
      },
      "id": 11,
      "options": {
        "legend": {
          "calcs": [],
          "displayMode": "list",
          "placement": "bottom",
          "showLegend": true
        },
        "tooltip": {
          "mode": "single",
          "sort": "none"
        }
      },
      "targets": [
        {
          "datasource": {
            "type": "prometheus",
            "uid": "6R74VAnVz"
          },
          "editorMode": "code",
          "expr": "rate(op_indexer_bridge_tx_minted_eth[$etl_rate_interval]) * 60",
          "instant": false,
          "legendFormat": "Minted ETH",
          "range": true,
          "refId": "A"
        },
        {
          "datasource": {
            "type": "prometheus",
            "uid": "6R74VAnVz"
          },
          "editorMode": "code",
          "expr": "rate(op_indexer_bridge_tx_withdrawn_eth[$etl_rate_interval]) * 60",
          "hide": false,
          "instant": false,
          "legendFormat": "Withdrawn ETH",
          "range": true,
          "refId": "B"
        }
      ],
      "title": "Transferred ETH / m",
      "type": "timeseries"
    },
    {
      "datasource": {
        "type": "prometheus",
        "uid": "6R74VAnVz"
      },
      "fieldConfig": {
        "defaults": {
          "color": {
            "mode": "palette-classic"
          },
          "custom": {
            "axisBorderShow": false,
            "axisCenteredZero": false,
            "axisColorMode": "text",
            "axisLabel": "",
            "axisPlacement": "auto",
            "barAlignment": 0,
            "drawStyle": "line",
            "fillOpacity": 0,
            "gradientMode": "none",
            "hideFrom": {
              "legend": false,
              "tooltip": false,
              "viz": false
            },
            "insertNulls": false,
            "lineInterpolation": "linear",
            "lineWidth": 1,
            "pointSize": 2,
            "scaleDistribution": {
              "type": "linear"
            },
            "showPoints": "always",
            "spanNulls": false,
            "stacking": {
              "group": "A",
              "mode": "none"
            },
            "thresholdsStyle": {
              "mode": "off"
            }
          },
          "mappings": [],
          "noValue": "0",
          "thresholds": {
            "mode": "absolute",
            "steps": [
              {
                "color": "green",
                "value": null
              },
              {
                "color": "red",
                "value": 80
              }
            ]
          }
        },
        "overrides": []
      },
      "gridPos": {
        "h": 7,
        "w": 12,
        "x": 0,
        "y": 32
      },
      "id": 10,
      "options": {
        "legend": {
          "calcs": [],
          "displayMode": "list",
          "placement": "bottom",
          "showLegend": true
        },
        "tooltip": {
          "mode": "single",
          "sort": "none"
        }
      },
      "targets": [
        {
          "datasource": {
            "type": "prometheus",
            "uid": "6R74VAnVz"
          },
          "editorMode": "code",
          "expr": "rate(op_indexer_bridge_tx_withdrawals[$etl_rate_interval]) * 60",
          "instant": false,
          "legendFormat": "L2 Transaction Withdrawals",
          "range": true,
          "refId": "A"
        },
        {
          "datasource": {
            "type": "prometheus",
            "uid": "6R74VAnVz"
          },
          "editorMode": "code",
          "expr": "rate(op_indexer_bridge_sent_messages{chain=\"l2\"}[$etl_rate_interval]) * 60",
          "hide": false,
          "instant": false,
          "legendFormat": "L2 Sent Messages",
          "range": true,
          "refId": "B"
        },
        {
          "datasource": {
            "type": "prometheus",
            "uid": "6R74VAnVz"
          },
          "editorMode": "code",
          "expr": "rate(op_indexer_bridge_relayed_messages{chain=\"l2\"}[$etl_rate_interval]) * 60",
          "hide": false,
          "instant": false,
          "legendFormat": "L2 Relayed Messages",
          "range": true,
          "refId": "C"
        },
        {
          "datasource": {
            "type": "prometheus",
            "uid": "6R74VAnVz"
          },
          "editorMode": "code",
          "expr": "rate(op_indexer_bridge_initiated_token_transfers{chain=\"l2\"}[$etl_rate_interval]) * 60",
          "hide": false,
          "instant": false,
          "legendFormat": "L2 Initiated Bridge Transfers",
          "range": true,
          "refId": "D"
        },
        {
          "datasource": {
            "type": "prometheus",
            "uid": "6R74VAnVz"
          },
          "editorMode": "code",
          "expr": "rate(op_indexer_bridge_finalized_token_transfers{chain=\"l2\"}[$etl_rate_interval]) * 60",
          "hide": false,
          "instant": false,
          "legendFormat": "L2 Finalized Bridge Transfers",
          "range": true,
          "refId": "E"
        }
      ],
      "title": "L2 Bridge Transactions / m",
      "type": "timeseries"
    },
    {
      "datasource": {
        "type": "prometheus",
        "uid": "6R74VAnVz"
      },
      "fieldConfig": {
        "defaults": {
          "color": {
            "mode": "palette-classic"
          },
          "custom": {
            "axisBorderShow": false,
            "axisCenteredZero": false,
            "axisColorMode": "text",
            "axisLabel": "",
            "axisPlacement": "auto",
            "barAlignment": 0,
            "drawStyle": "line",
            "fillOpacity": 0,
            "gradientMode": "none",
            "hideFrom": {
              "legend": false,
              "tooltip": false,
              "viz": false
            },
            "insertNulls": false,
            "lineInterpolation": "linear",
            "lineWidth": 1,
            "pointSize": 2,
            "scaleDistribution": {
              "type": "linear"
            },
            "showPoints": "always",
            "spanNulls": false,
            "stacking": {
              "group": "A",
              "mode": "none"
            },
            "thresholdsStyle": {
              "mode": "off"
            }
          },
          "mappings": [],
          "noValue": "0",
          "thresholds": {
            "mode": "absolute",
            "steps": [
              {
                "color": "green",
                "value": null
              },
              {
                "color": "red",
                "value": 80
              }
            ]
          }
        },
        "overrides": []
      },
      "gridPos": {
        "h": 7,
        "w": 12,
        "x": 12,
        "y": 32
      },
      "id": 12,
      "options": {
        "legend": {
          "calcs": [],
          "displayMode": "list",
          "placement": "bottom",
          "showLegend": true
        },
        "tooltip": {
          "mode": "single",
          "sort": "none"
        }
      },
      "targets": [
        {
          "datasource": {
            "type": "prometheus",
            "uid": "6R74VAnVz"
          },
          "disableTextWrap": false,
          "editorMode": "code",
          "expr": "sum by(token_address) (rate(op_indexer_bridge_initiated_token_transfers{token_address!=\"0xDeadDeAddeAddEAddeadDEaDDEAdDeaDDeAD0000\"}[$etl_rate_interval])) * 60",
          "fullMetaSearch": false,
          "includeNullMetadata": true,
          "instant": false,
          "legendFormat": "{{token_address}}",
          "range": true,
          "refId": "A",
          "useBackend": false
        }
      ],
      "title": "Transferred ERC20 / m",
      "type": "timeseries"
    },
    {
      "collapsed": false,
      "gridPos": {
        "h": 1,
        "w": 24,
        "x": 0,
        "y": 39
      },
      "id": 13,
      "panels": [],
      "title": "RPC",
      "type": "row"
    },
    {
      "datasource": {
        "type": "prometheus",
        "uid": "6R74VAnVz"
      },
      "fieldConfig": {
        "defaults": {
          "color": {
            "mode": "palette-classic"
          },
          "custom": {
            "axisBorderShow": false,
            "axisCenteredZero": false,
            "axisColorMode": "text",
            "axisLabel": "",
            "axisPlacement": "auto",
            "barAlignment": 0,
            "drawStyle": "line",
            "fillOpacity": 0,
            "gradientMode": "none",
            "hideFrom": {
              "legend": false,
              "tooltip": false,
              "viz": false
            },
            "insertNulls": false,
            "lineInterpolation": "linear",
            "lineWidth": 1,
            "pointSize": 2,
            "scaleDistribution": {
              "type": "linear"
            },
            "showPoints": "always",
            "spanNulls": false,
            "stacking": {
              "group": "A",
              "mode": "none"
            },
            "thresholdsStyle": {
              "mode": "off"
            }
          },
          "mappings": [],
          "noValue": "0",
          "thresholds": {
            "mode": "absolute",
            "steps": [
              {
                "color": "green",
                "value": null
              },
              {
                "color": "red",
                "value": 80
              }
            ]
          },
          "unit": "reqpm"
        },
        "overrides": []
      },
      "gridPos": {
        "h": 7,
        "w": 12,
        "x": 0,
        "y": 40
      },
      "id": 14,
      "options": {
        "legend": {
          "calcs": [],
          "displayMode": "list",
          "placement": "bottom",
          "showLegend": true
        },
        "tooltip": {
          "mode": "single",
          "sort": "none"
        }
      },
      "targets": [
        {
          "datasource": {
            "type": "prometheus",
            "uid": "6R74VAnVz"
          },
          "editorMode": "code",
          "expr": "sum by(method) (rate(op_indexer_rpc_l1_requests_total[$etl_rate_interval])) * 60",
          "instant": false,
          "legendFormat": "{{method}}",
          "range": true,
          "refId": "A"
        },
        {
          "datasource": {
            "type": "prometheus",
            "uid": "6R74VAnVz"
          },
          "editorMode": "code",
          "expr": "sum by(method,error) (rate(op_indexer_rpc_l1_responses_total{error!=\"<nil>\"}[$etl_rate_interval])) * 60",
          "hide": false,
          "instant": false,
          "legendFormat": "{{method}} (error: {{error}})",
          "range": true,
          "refId": "B"
        }
      ],
      "title": "L1 RPC / m",
      "type": "timeseries"
    },
    {
      "datasource": {
        "type": "prometheus",
        "uid": "6R74VAnVz"
      },
      "fieldConfig": {
        "defaults": {
          "color": {
            "mode": "palette-classic"
          },
          "custom": {
            "axisBorderShow": false,
            "axisCenteredZero": false,
            "axisColorMode": "text",
            "axisLabel": "",
            "axisPlacement": "auto",
            "barAlignment": 0,
            "drawStyle": "line",
            "fillOpacity": 0,
            "gradientMode": "none",
            "hideFrom": {
              "legend": false,
              "tooltip": false,
              "viz": false
            },
            "insertNulls": false,
            "lineInterpolation": "linear",
            "lineWidth": 1,
            "pointSize": 2,
            "scaleDistribution": {
              "type": "linear"
            },
            "showPoints": "always",
            "spanNulls": false,
            "stacking": {
              "group": "A",
              "mode": "none"
            },
            "thresholdsStyle": {
              "mode": "off"
            }
          },
          "mappings": [],
          "noValue": "0",
          "thresholds": {
            "mode": "absolute",
            "steps": [
              {
                "color": "green",
                "value": null
              },
              {
                "color": "red",
                "value": 80
              }
            ]
          },
          "unit": "s"
        },
        "overrides": []
      },
      "gridPos": {
        "h": 7,
        "w": 12,
        "x": 12,
        "y": 40
      },
      "id": 16,
      "options": {
        "legend": {
          "calcs": [],
          "displayMode": "list",
          "placement": "bottom",
          "showLegend": true
        },
        "tooltip": {
          "mode": "single",
          "sort": "none"
        }
      },
      "pluginVersion": "10.3.0-62488",
      "targets": [
        {
          "datasource": {
            "type": "prometheus",
            "uid": "6R74VAnVz"
          },
          "editorMode": "code",
          "expr": "sum by(method) (rate(op_indexer_rpc_l1_request_duration_seconds_sum[$etl_rate_interval])\n/\nrate(op_indexer_rpc_l1_request_duration_seconds_count[$etl_rate_interval]))",
          "hide": false,
          "instant": false,
          "legendFormat": "{{method}}",
          "range": true,
          "refId": "A"
        }
      ],
      "title": "AVG L1 RPC Latency",
      "type": "timeseries"
    },
    {
      "datasource": {
        "type": "prometheus",
        "uid": "6R74VAnVz"
      },
      "fieldConfig": {
        "defaults": {
          "color": {
            "mode": "palette-classic"
          },
          "custom": {
            "axisBorderShow": false,
            "axisCenteredZero": false,
            "axisColorMode": "text",
            "axisLabel": "",
            "axisPlacement": "auto",
            "barAlignment": 0,
            "drawStyle": "line",
            "fillOpacity": 0,
            "gradientMode": "none",
            "hideFrom": {
              "legend": false,
              "tooltip": false,
              "viz": false
            },
            "insertNulls": false,
            "lineInterpolation": "linear",
            "lineWidth": 1,
            "pointSize": 2,
            "scaleDistribution": {
              "type": "linear"
            },
            "showPoints": "always",
            "spanNulls": false,
            "stacking": {
              "group": "A",
              "mode": "none"
            },
            "thresholdsStyle": {
              "mode": "off"
            }
          },
          "mappings": [],
          "noValue": "0",
          "thresholds": {
            "mode": "absolute",
            "steps": [
              {
                "color": "green",
                "value": null
              },
              {
                "color": "red",
                "value": 80
              }
            ]
          },
          "unit": "reqpm"
        },
        "overrides": []
      },
      "gridPos": {
        "h": 7,
        "w": 12,
        "x": 0,
        "y": 47
      },
      "id": 15,
      "options": {
        "legend": {
          "calcs": [],
          "displayMode": "list",
          "placement": "bottom",
          "showLegend": true
        },
        "tooltip": {
          "mode": "single",
          "sort": "none"
        }
      },
      "targets": [
        {
          "datasource": {
            "type": "prometheus",
            "uid": "6R74VAnVz"
          },
          "editorMode": "code",
          "expr": "sum by(method) (rate(op_indexer_rpc_l2_requests_total[$etl_rate_interval])) * 60",
          "instant": false,
          "legendFormat": "{{method}}",
          "range": true,
          "refId": "A"
        },
        {
          "datasource": {
            "type": "prometheus",
            "uid": "6R74VAnVz"
          },
          "editorMode": "code",
          "expr": "sum by(method, error) (rate(op_indexer_rpc_l2_responses_total{error!=\"<nil>\"}[$etl_rate_interval])) * 60",
          "hide": true,
          "instant": false,
          "legendFormat": "{{method}} (error: {{error}})",
          "range": true,
          "refId": "B"
        }
      ],
      "title": "L2 RPC / m",
      "type": "timeseries"
    },
    {
      "datasource": {
        "type": "prometheus",
        "uid": "6R74VAnVz"
      },
      "fieldConfig": {
        "defaults": {
          "color": {
            "mode": "palette-classic"
          },
          "custom": {
            "axisBorderShow": false,
            "axisCenteredZero": false,
            "axisColorMode": "text",
            "axisLabel": "",
            "axisPlacement": "auto",
            "barAlignment": 0,
            "drawStyle": "line",
            "fillOpacity": 0,
            "gradientMode": "none",
            "hideFrom": {
              "legend": false,
              "tooltip": false,
              "viz": false
            },
            "insertNulls": false,
            "lineInterpolation": "linear",
            "lineWidth": 1,
            "pointSize": 2,
            "scaleDistribution": {
              "type": "linear"
            },
            "showPoints": "always",
            "spanNulls": false,
            "stacking": {
              "group": "A",
              "mode": "none"
            },
            "thresholdsStyle": {
              "mode": "off"
            }
          },
          "mappings": [],
          "noValue": "0",
          "thresholds": {
            "mode": "absolute",
            "steps": [
              {
                "color": "green",
                "value": null
              },
              {
                "color": "red",
                "value": 80
              }
            ]
          },
          "unit": "s"
        },
        "overrides": []
      },
      "gridPos": {
        "h": 7,
        "w": 12,
        "x": 12,
        "y": 47
      },
      "id": 19,
      "options": {
        "legend": {
          "calcs": [],
          "displayMode": "list",
          "placement": "bottom",
          "showLegend": true
        },
        "tooltip": {
          "mode": "single",
          "sort": "none"
        }
      },
      "targets": [
        {
          "datasource": {
            "type": "prometheus",
            "uid": "6R74VAnVz"
          },
          "editorMode": "code",
          "expr": "sum by(method) (rate(op_indexer_rpc_l2_request_duration_seconds_sum[$etl_rate_interval])\n/\nrate(op_indexer_rpc_l2_request_duration_seconds_count[$etl_rate_interval]))",
          "instant": false,
          "legendFormat": "{{method}}",
          "range": true,
          "refId": "A"
        }
      ],
      "title": "AVG L2 RPC Latency",
      "type": "timeseries"
    }
  ],
  "refresh": "",
  "schemaVersion": 39,
  "tags": [],
  "templating": {
    "list": [
      {
        "description": "The window used for `rate`, based on the ETL loop interval",
        "hide": 2,
        "name": "etl_rate_interval",
        "query": "2m",
        "skipUrlSync": false,
        "type": "constant"
      }
    ]
  },
  "time": {
    "from": "now-15m",
    "to": "now"
  },
  "timepicker": {},
  "timezone": "",
  "title": "Indexer",
  "uid": "a3cdb010-d44b-4556-a61e-46d655f57bc4",
  "version": 30,
  "weekStart": ""
}
